リスク許容度,売買期間,投資傾向,投資型,アドバイス
高,長,集中投資型投資型,テクニカル,リスク許容度が高く、長期投資を好み、集中投資を行うあなたには、テクニカル分析だけでなくファンダメンタル分析を取り入れることをお勧めします。長期投資では、市場の変動や経済全体の動向を把握することが大切です。集中投資は高リターンを期待できますが、同時に高リスクも伴います。そのため、ポートフォリオに様々な銘柄を組み入れてリスクを分散し、より市場の変動に強い投資戦略を策定しましょう。また、定期的にポートフォリオを見直し、変化する投資環境に柔軟に対応することが肝心です。
高,長,分散投資型,テクニカル,リスク許容度が高く、長期的視点で分散投資を行い、テクニカル分析を重視するあなたには、次のようなアドバイスがあります。高いリスク許容度を持つことは、多様な資産クラスにわたる投資機会を活用するのに有利です。しかし、長期投資においては、テクニカル分析に加えてファンダメンタル分析を取り入れることをお勧めします。これにより、個々の投資先の長期的な健全性や市場の大局的な動向を理解することができます。また、分散投資を維持しつつ、定期的にポートフォリオを見直し、市場の変化に応じて適切に調整することが重要です。長期的な視点を持ちながらも、市場の短期的な動きに対する洞察を維持することで、より効果的な投資戦略を実行することが可能になります。常に市場とポートフォリオを分析し、バランスの取れた投資アプローチを追求してください。
高,短,集中投資型,テクニカル,リスク許容度が高く、短期投資と集中投資を好むあなたには、テクニカル分析を活用しつつも多様性を取り入れることをお勧めします。短期間の市場変動を利用する戦略は有効ですが、リスク管理のためにポートフォリオの分散を図ることが重要です。また、テクニカル分析に加え、ファンダメンタルズ分析を取り入れることで、よりバランスの取れた投資判断が可能になります。常に市場の動向を敏感に捉え、柔軟な戦略の見直しを心掛けましょう
高,短,分散投資型,テクニカル,リスク許容度が高く、短期投資を好み、分散投資を行いつつテクニカル分析を中心に据えるあなたには、次のようなアドバイスがあります。短期投資では市場の急激な変動を利用することが重要ですが、高リスク許容度を持つことで、より多様な投資チャンスを活用できます。テクニカル分析は短期的な市場の動きを理解するのに有効ですが、時にはファンダメンタルズ分析を取り入れ、投資先の基本的な健全性も評価することが重要です。また、分散投資を維持しながらも、市場の変動に迅速に反応し、ポートフォリオを適宜調整する柔軟性を持つことが望ましいです。市場の流れを常に注視し、短期的なトレンドと長期的な視点のバランスを取りながら投資戦略を立てることを心掛けてください。
中,長,集中投資型,テクニカル,リスク許容度が中程度で、長期投資を行い、集中投資を好むあなたには、テクニカル分析に加えてファンダメンタル分析の視点を取り入れることを推奨します。長期投資においては、市場のトレンドだけでなく、経済の基本的な動向や企業の健全性を理解することが重要です。集中投資は高いリターンを期待できますが、リスクの偏りを避けるために、ポートフォリオに多少の分散を持たせることを検討しましょう。また、定期的に投資戦略を見直し、市場環境の変化に適応できるようにすることが、長期的な成功への鍵です
中,長,分散投資型,テクニカル,リスク許容度が中程度で長期投資を行い、分散投資を好むあなたには、テクニカル分析のみに頼らず、投資戦略に多様性を持たせることをお勧めします。長期投資では、市場の短期的な動向よりも企業や市場の基本的な健全性を見るファンダメンタル分析が非常に重要です。分散投資を継続することでリスクを管理する一方で、ポートフォリオを定期的に見直し、市場の長期的な変化に合わせて調整することが望ましいです。また、新たな投資機会を探索することで、ポートフォリオの健全性を保ちながらリターンの機会を広げることができます。常に市場を広範に分析し、バランスの取れた投資アプローチを追求してください。
中,短,集中投資型,テクニカル,リスク許容度が中程度で短期集中投資を好むあなたには、テクニカル分析のみに頼るのではなく、リスク管理の観点からポートフォリオの多様化を図ることをお勧めします。短期投資ではテクニカル分析が有効ですが、集中投資は市場の急な変動に対して脆弱になりがちです。様々な市場や資産クラスへの分散投資を通じて、リスクを軽減しましょう。市場の変動に迅速に対応するためにも、ポートフォリオの定期的な見直しと戦略の柔軟な調整が不可欠です。さらに、市場の広範な動向を理解するため、テクニカル分析に加えてファンダメンタルズ分析の視点を取り入れることも有益です。
中,短,分散投資型,テクニカル,リスク許容度が中程度で短期投資を好み、分散投資を行いながらテクニカル分析を重視するあなたには、バランスの取れた投資戦略が重要です。テクニカル分析は短期的な市場の動向を捉えるのに有効ですが、リスク管理のためにも、市場の異なるセクターや資産クラスに投資を分散することを継続することが肝要です。また、短期投資では市場の急な変動に対応するため、定期的なポートフォリオの見直しと柔軟な戦略の調整が必要です。市場の変動に敏感である一方で、短期的なトレンドに振り回されず、冷静な判断を維持することが大切です。さらに、時にはファンダメンタル分析を取り入れ、投資先の基本的な価値を評価することも有益です。多角的な視点からのアプローチで、短期投資の成果を最大化しましょう。
低,長,集中投資型,テクニカル,リスク許容度が低く、長期的な視点での集中投資を行い、テクニカル分析を主に用いるあなたには、いくつかのアドバイスがあります。まず、リスクが低い投資家には、集中投資よりも分散投資をお勧めします。様々な資産クラスに投資することで、リスクを分散し、市場の不確実性への露出を減らすことができます。また、テクニカル分析は短期的な市場の動きを捉えるのに有効ですが、長期投資ではファンダメンタル分析も組み合わせることで、よりバランスの取れた投資判断を行うことができます。定期的なポートフォリオの見直しを行い、市場の変化に応じて投資戦略を調整することも重要です。投資のリスクとリターンのバランスを常に考えながら、慎重な投資判断を行ってください。
低,長,分散投資型,テクニカル,リスク許容度が低く、長期にわたる分散投資を行い、テクニカル分析を主要なツールとしているあなたに対するアドバイスは、戦略の多角化を図ることです。テクニカル分析は市場の短期的なトレンドを把握するのに役立ちますが、長期投資においては、ファンダメンタル分析のような他の手法も取り入れることをお勧めします。これにより、企業や市場の基本的な健全性を評価し、より広い視野で投資判断を行うことができます。また、低いリスク許容度を考慮して、分散投資の範囲を広げ、さまざまな資産クラスに投資することで、リスクをさらに軽減できます。市場の長期的な変動に注意を払いながら、ポートフォリオの定期的な見直しを行い、投資戦略を適宜調整することが重要です。安定したリターンを目指しつつ、リスクを最小限に抑えるバランスの取れたアプローチを追求しましょう。
低,短,集中投資型,テクニカル,リスク許容度が低いながら短期投資を好み、集中投資型でテクニカル分析を重視するあなたには、慎重なアプローチが必要です。テクニカル分析は短期投資において有用ですが、低いリスク許容度を考えると、集中投資はリスクを高める可能性があります。リスクを管理するためには、投資をより多彩な銘柄に分散することをお勧めします。また、短期投資では市場の急変に敏感であるため、定期的なポートフォリオの見直しと、市場の変動に迅速に対応できるような戦略の調整が重要です。さらに、ファンダメンタル分析を取り入れることで、投資決定の幅を広げ、よりバランスの取れたアプローチを取ることができます。短期投資ではあっても、リスク管理と多角的な分析に基づく投資戦略を心がけることが肝要です。
低,短,分散投資型,テクニカル,リスク許容度が低いにも関わらず短期投資を行い、分散投資に基づくテクニカル分析を主要手法としているあなたには、次のようなアドバイスがあります。短期投資は市場の急変に非常に敏感ですので、リスクが低い投資家には特に慎重なアプローチが求められます。テクニカル分析は短期の市場動向を理解するのに役立ちますが、リスクをさらに低減させるためには、ポートフォリオの多様性を拡大することが重要です。異なるセクターや資産クラスへの分散投資によって、リスクを効果的に分散させることができます。また、市場の変動に素早く対応するためには、ポートフォリオの定期的な見直しと戦略の柔軟な調整が不可欠です。市場のトレンドに振り回されず、冷静な判断を維持することが大切です。バランスの取れた投資方法を実践し、リスクを最小化することを目指してください。
高,長,集中投資型,保守型,リスク許容度が高く、長期的な視点で集中投資を行うあなたには、保守的な投資傾向とのバランスが重要です。リスクを取ることに慣れているとはいえ、多様化を意識したポートフォリオ構築に取り組むことが賢明です。特定の資産クラスや銘柄に過度に集中するのではなく、様々な業種の銘柄に分散して投資することで、リスクを分散し、市場の変動に強いポートフォリオを築きましょう。また、長期投資を継続する中で、定期的に投資の見直しを行い、目標とリスク許容度に合ったバランスを保つことが大切です
高,長,分散投資型,保守型,リスク許容度が高く、長期投資に傾倒し、分散投資を行うものの、保守的な投資傾向を持つあなたには、以下のアドバイスが適しています。長期的な視野を持ちながらも、保守的なアプローチを維持することは、市場の不確実性に対する良い防御策です。分散投資を行うことで、リスクを適切に分散し、市場の変動からあなたの資産を保護できます。高いリスク許容度を持つことを活かし、ポートフォリオに成長が期待できる株式や、ある程度のリスクを伴う新興市場への投資を組み込むことを検討してください。ただし、保守的な傾向を忘れず、安定した配当を提供する株式など、低リスクの資産もバランスよく含めることが重要です。投資戦略は定期的に見直し、市場の変動や自身の投資目標に合わせて適宜調整していくことが、成功への鍵となります。
高,短,集中投資型,保守型,リスク許容度が高いにも関わらず、短期投資に焦点を当て、集中投資を行うあなたには次のようなアドバイスがあります。短期投資では市場の変動に素早く反応する必要があります。ただし、保守的な投資傾向を持つあなたには、高リスクの取引を避け、より安定した資産に投資することをお勧めします。例えば、大手企業の株や高配当株など、より予測可能で安定したリターンを期待できる投資先を選びましょう。さらに、ポートフォリオを多様化させることで、リスクを分散し、不測の市場変動から資産を守ることができます。短期間での利益を目指す場合は、市場の動向に敏感であり、迅速な意思決定が求められるため、常に最新の市場情報を入手し、柔軟に対応できるよう準備しておくことが重要です。
高,短,分散投資型,保守型,リスク許容度が高く、短期投資を好むものの、分散投資型で保守的な傾向のある投資家へのアドバイスです。高いリスク許容度を活かしつつ、短期投資における市場の急激な変動に対応するため、分散投資を継続することが重要です。保守的な傾向があるため、安定した収益をもたらす債権や大手企業の株など、比較的リスクの低い資産に投資することをお勧めします。さらに、短期的な市場の動きを利用するために、市場のニュースや動向に敏感でいることが肝心です。ポートフォリオは定期的に見直し、市場の変動に柔軟に対応しながら、リスクとリターンのバランスを取ることが大切です。リスクを適切に管理しながら、短期的な機会を最大限に活用し、長期的な投資成果を目指してください
中,長,集中投資型,保守型,リスク許容度が中程度で、長期投資を好み、集中投資傾向があるあなたに、保守的なアプローチを維持しつつ、以下のアドバイスをします。長期的な視点を持つことは、市場の短期的な変動に動じない強みです。しかし、集中投資は特定の資産や市場にリスクが偏るため、ポートフォリオの多様化を図ることが重要です。異なる業種や地域に投資することで、リスクを分散し、一部の市場の下落が全体に与える影響を軽減できます。また、保守的な投資傾向を持つあなたには、安定した収益を見込める債券や配当株式への投資も適しています。定期的に投資の見直しを行い、市場の変化に応じてバランスを調整することで、リスクとリターンの適切なバランスを保ちながら、目標達成に向けて着実に進めていくことを推奨します。
中,長,分散投資型,保守型,リスク許容度が中程度で、長期投資に焦点を当て、分散投資型のアプローチを取るあなたに、保守的な投資傾向に合わせたアドバイスです。長期投資は市場の短期的な変動に左右されにくいため、賢明な選択です。分散投資を継続し、ポートフォリオに異なる資産クラスや地域の資産を含めることでリスクを分散し、安定性を高めることができます。保守的な投資傾向を維持するため、高い配当を提供する株式への投資を考慮に入れてください。市場の動きを注視し、ポートフォリオを定期的に見直すことで、投資目標に合ったリスクとリターンのバランスを維持しましょう。安定した成長を目指すあなたの投資戦略は、長期的に見て堅実なリターンをもたらすでしょう。
中,短,集中投資型,保守型,リスク許容度が中程度で、短期投資を好み、集中投資傾向がある保守的な投資家へのアドバイスです。短期投資では市場の変動が直接影響するため、リスク管理が重要です。集中投資を行う場合、特定の銘柄やセクターへの過度な露出を避けるために、ポートフォリオを多様化させることを考慮してください。保守的な投資傾向があるため、大手企業の株や安定した収益をもたらす資産への投資を検討すると良いでしょう。また、短期投資では、市場の動きに迅速に反応できるように、情報収集を徹底し、柔軟に対応する準備が必要です。市場の波に乗るための短期的な戦略と、長期的な安定を目指す保守的なアプローチとのバランスを取りながら、賢明な投資判断を行ってください。
中,短,分散投資型,保守型,リスク許容度が中程度で、短期投資を好みながらも分散投資を行い、保守的な投資傾向を持つあなたへのアドバイスです。短期投資では市場の変動に敏感であることが求められますが、中程度のリスク許容度と保守的な傾向を考慮すると、急激な市場変動に巻き込まれないようにすることが重要です。分散投資戦略を続けることで、リスクを効果的に管理し、特定の資産や市場の不振からポートフォリオを保護することが可能です。また、市場の動きを日々追跡し、必要に応じて迅速にポートフォリオを調整することも重要です。保守的な投資傾向を活かして、リスクの高い投資よりも安定した収益を提供する資産に焦点を当てることをお勧めします。短期間での利益を追求しつつも、長期的な資産の安定性を確保するバランスを見つけることが成功の鍵です。
低,長,集中投資型,保守型,リスク許容度が低く、長期投資を好みながら集中投資型で保守的な傾向を持つあなたに対し、以下のアドバイスを提供します。低いリスク許容度と長期の投資戦略は、安定した資産の成長を目指すうえで良い組み合わせです。しかし、集中投資型のアプローチはリスクを高める可能性があるため、ポートフォリオの多様化を図ることをお勧めします。具体的には、異なる業種の株式に分散投資を行うことで、市場の変動に対するリスクを低減させることが可能です。保守的な投資傾向に沿って、高い配当利回りを提供する株式に焦点を当てることも良い選択肢です。常に市場の動向を注視し、定期的にポートフォリオを見直して、投資目標に合わせた最適なバランスを保つよう努めてください。
低,長,分散投資型,保守型,リスク許容度が低いながらも長期投資を重視し、分散投資型で保守的な投資傾向を持つあなたへのアドバイスです。低リスク許容度に合わせて、安定した収益が期待できる資産に焦点を当てることが重要です。分散投資を継続し、異なる業種や地域にわたる株式への投資を検討してください。これにより、市場の不確実性に対するあなたのポートフォリオの露出を減らすことができます。長期投資の場合、市場の短期的な変動に左右されず、時間をかけて資産を成長させることが可能です。定期的に投資の見直しを行い、市場の変化に応じてポートフォリオを適宜調整することで、リスクを最小限に抑えつつ安定した成長を目指すことができます。保守的なアプローチを維持しながら、賢明な投資戦略を展開しましょう
低,短,集中投資型,保守型,リスク許容度が低く、短期投資を好む集中投資型で保守的な傾向のある投資家へのアドバイスです。リスク許容度が低いため、短期投資における急激な市場変動に対しては慎重なアプローチが必要です。集中投資はリスクの高まりを意味するため、ポートフォリオの多様化を図り、特定の資産への過度な依存を避けることが推奨されます。保守的な投資傾向を考慮して、安定した収益を生み出す配当株、または低ボラティリティの株式への投資を検討してください。短期投資の際は、市場の動向に敏感に反応し、投資判断を迅速に下す必要がありますが、常にリスク管理を最優先に考え、慎重な判断を心がけることが肝要です。市場の短期的な変動を利用しつつも、長期的な安定を目指すバランスを見つけることが重要です。
低,短,分散投資型,保守型,リスク許容度が低い、短期投資を好むが分散投資型で保守的な傾向の投資家に対し、次のようなアドバイスをします。低リスク許容度と短期投資の組み合わせは慎重な戦略を必要とします。市場の短期的な変動から資産を守るため、分散投資を継続し、安定した収益を生む資産に投資することが重要です。例えば、信頼性の高い大手企業の株などリスクが低めの投資先が適しています。また、短期投資では迅速な意思決定が求められますが、保守的な傾向を考慮し、急激な市場の動きに流されず冷静な判断を心がけてください。市場の動向を常に注視し、必要に応じて素早くポートフォリオを調整することで、リスクを適切に管理しながら短期的な機会を捉えることができます。バランスの取れた投資戦略を実践し、安定した成果を目指しましょう。
高,長,集中投資型,積極型,リスク許容度が高く、長期的かつ集中投資型のあなたには、分散投資の重要性を考慮することをお勧めします。高リスク戦略は高リターンをもたらす可能性がありますが、市場の変動に対する露出度も高くなります。ポートフォリオを多様化させることで、リスクを分散し、安定した成長を目指しましょう。また、定期的に投資先を見直し、市場の変化に応じて適応することも大切です。あなたの積極的な投資スタイルを維持しつつ、リスク管理にも配慮することで、長期的な投資の成功を目指しましょう。
高,長,分散投資型,積極型,リスク許容度が高く、長期投資を好む分散投資型の積極的な投資家へのアドバイスです。リスクが高い資産に対する投資が多いため、分散投資を活用してリスクを管理することが重要です。さまざまな資産クラスや地域に投資することで、一部の市場が不調の時でも他の市場の成果がカバーできるようにします。また、長期投資の場合、市場の変動に対して時間をかけて対応できるので、短期的な市場の動きに一喜一憂せず、定期的なポートフォリオの再評価と調整に重点を置くことが望ましいです。積極的な投資傾向を持つことは良いですが、それによる損失リスクも考慮に入れ、バランスの取れた投資戦略を維持することが大切です。新しい投資機会を模索する一方で、リスク管理にも十分注意し、長期的な視野で安定した成果を目指しましょう。
高,短,集中投資型,積極型,リスク許容度が高く短期集中投資を好むあなたへのアドバイスです。まず、市場の急激な変動に対応できるよう、情報収集と分析に注力しましょう。積極的な投資スタンスは大きな利益をもたらす可能性がありますが、同時に大きな損失リスクも伴います。したがって、投資の多様化を図り、リスクを分散することが重要です。また、投資の見直しを定期的に行い、市場の変動に柔軟に対応できるようにしましょう。短期投資では感情に流されず、冷静な判断が求められます。投資戦略を明確にし、目標とリスク管理をバランス良く取り組んでください。
高,短,分散投資型,積極型,リスク許容度が高く、短期投資を好み、分散投資型の積極的な投資家へのアドバイスです。高いリスク許容度を生かし、短期間での大きなリターンを狙う戦略は有効ですが、市場の急激な変動には特に注意が必要です。分散投資を行うことで、リスクを分散し、ポートフォリオの安定性を高めることができます。異なる資産クラスや業界に投資することで、一部の市場の下落が全体のパフォーマンスに与える影響を軽減します。積極的な投資傾向を持つ場合、投資先を定期的に見直し、市場の動向に応じた柔軟な対応が求められます。また、短期投資では素早い意思決定が必要ですが、慎重なリスク評価を行うことを忘れないでください。市場の分析に時間をかけ、情報に基づいた判断を行うことで、リスクを管理しつつ、効果的な投資成果を目指しましょう。
中,長,集中投資型,積極型,リスク許容度が中程度で長期的な集中投資を好むあなたには、投資ポートフォリオのバランスを見直すことをお勧めします。長期的な視点を持ちつつも、すべての投資を一か所に集中させるのではなく、リスク分散を図ることが重要です。積極的な投資傾向を持つことは良いことですが、市場の変動に対して柔軟に対応できるように、異なる資産クラスや産業に分散投資を行うことを検討してください。また、定期的なポートフォリオの見直しを行い、長期的な目標に合わせて投資戦略を調整することが大切です。リスク管理に注意しながら、着実な資産成長を目指しましょう。
中,長,分散投資型,積極型,リスク許容度が中程度で長期的な分散投資を好む積極的な投資家へのアドバイスです。長期投資戦略を採用する際は、安定した成長を見込める資産に焦点を当て、リスクを分散させることが重要です。積極的な投資傾向は大きなリターンをもたらす可能性がありますが、同時に市場の急激な変動によるリスクにも注意が必要です。そのため、定期的にポートフォリオを見直し、市場の変化に応じて投資戦略を調整することが大切です。また、投資に関する新しい情報や知識を常にアップデートし、長期的な目標に沿って計画的に投資を行うことを心掛けましょう。バランスの取れた投資アプローチで、リスクを管理しつつ投資成果を目指してください。
中,短,集中投資型,積極型,リスク許容度が中程度で短期集中投資を好むあなたへのアドバイスです。積極的な投資は大きな利益を生む可能性がありますが、短期投資の特性上、市場の急激な変動によりリスクも高まります。このため、ポートフォリオの多様化を図り、リスクを分散させることが重要です。また、市場の動きに敏感になり、迅速な意思決定が求められます。短期的な成果を追求しつつも、適切なリスク管理とバランスの取れた投資戦略を実施することが肝心です。投資先の定期的な見直しと、市場環境の変化に応じた柔軟な対応が、安定した成果を得る鍵となります。リスクとリターンのバランスを常に意識し、賢明な投資判断を心掛けましょう。
中,短,分散投資型,積極型,リスク許容度が中程度で短期投資を好み、分散投資型の積極的な投資家へのアドバイスです。短期投資では市場の急変動に即座に対応する必要があります。分散投資はリスクを軽減するために効果的ですが、短期的な市場の変動に敏感であることが重要です。市場の動きを定期的に分析し、ポートフォリオのバランスを維持することを心掛けてください。積極的な投資傾向がありますが、投資先の選択には慎重になることが肝要です。また、感情に左右されることなく、冷静かつ客観的な判断を下すことが重要です。市場のトレンドや経済指標をよく研究し、短期的な機会を逃さないようにしましょう。そして、リスク管理と資産の成長をバランス良く考慮することで、安定した投資成果を目指してください。
低,長,集中投資型,積極型,リスク許容度が低いにも関わらず長期的で集中的な投資を行うあなたへのアドバイスです。まず、リスクの低い投資先を選ぶことが重要です。例えば、業績が安定している株式など、安定した収益が期待できる資産に焦点を当てましょう。また、集中投資は高いリスクを伴うため、ポートフォリオの多様化を図り、リスクを分散させることをお勧めします。積極的な投資傾向がある場合、市場の動向をしっかりと把握し、投資先の選択には慎重になる必要があります。定期的にポートフォリオを見直し、長期的な目標に沿ったバランスの取れた投資戦略を立てることが、リスクを最小限に抑えつつ成果を得るための鍵となります。
低,長,分散投資型,積極型,リスク許容度が低いが長期的な分散投資を好む積極的な投資家へのアドバイスです。まず、長期的な視野を持ちつつも、低リスクの資産への投資を優先することが大切です。例えば、安定した配当を提供する株式などが適しています。分散投資はリスクを軽減する効果的な戦略ですが、市場の変動による影響を最小限に抑えるためには、ポートフォリオのバランスを定期的に見直すことが重要です。また、積極的な投資傾向を持つ場合は、感情に流されず、冷静な判断を心掛けることが肝心です。市場の動向を注意深く分析し、投資戦略を定期的に調整することで、リスクを抑えつつ安定的な成長を目指しましょう。リスク管理を常に念頭に置き、慎重かつ計画的なアプローチを取ることが成功への鍵です。
低,短,集中投資型,積極型,リスク許容度が低いものの、短期的かつ集中投資を好むあなたには、慎重な投資戦略を推奨します。短期投資は市場の変動に敏感であるため、安定した収益を求めるならば、よりリスクの低い資産に分散投資することを考えてください。例えば、高い配当金を提供している株式など、低リスクで予測可能な収益を提供するオプションが適しています。また、積極的な投資傾向を持つことはリスクを増加させる可能性があるため、投資先の厳選と市場動向の定期的な監視が必要です。短期的な利益を追求する前に、全体的なポートフォリオのバランスを考慮し、リスクを適切に管理することが重要です。冷静かつ計画的なアプローチで、リスクを最小限に抑えつつ投資目標を達成しましょう。
低,短,分散投資型,積極型,リスク許容度が低いが短期投資を好み、分散投資を行う積極的な投資家へのアドバイスです。リスクを低く抑えつつ積極的に投資する場合、市場の小さな変動にも注意を払い、短期的な機会を見極める必要があります。リスクが低い資産クラス（例えば、国債や定期預金）に焦点を当て、安定した収益を目指しましょう。分散投資は良い戦略ですが、短期投資では特に市場の動向に敏感であることが重要です。投資先の定期的な見直しと、市場の変動に応じた迅速な対応が必要です。また、投資における感情的な決定を避け、常に冷静な分析に基づいて行動することが肝要です。リスク管理を最優先に考え、計画的かつ慎重なアプローチで投資を進めましょう。
高,長,集中投資型,リサーチ主導型,リスク許容度が高く、長期的な集中投資を行い、ファンダメンタル分析を重視する投資家へのアドバイスです。リスクが高い投資に集中する場合、特定の資産や市場の動向に深く依存するため、ポートフォリオの多様化を考慮することをお勧めします。長期投資を行う際は、市場の一時的な変動よりも、企業や資産の本質的価値に重点を置くことが重要です。ファンダメンタル分析を中心に据えつつも、市場の動向や経済環境の変化にも注意を払い、柔軟な対応を心掛けてください。また、高いリスク許容度を持つことは大きなリターンのチャンスを生む一方で、損失リスクも増大します。そのため、投資先の厳選、並びに投資戦略の定期的な見直しと調整が必要です。計画的かつバランスの取れたアプローチで、長期的な成功を目指しましょう。
高,長,分散投資型,リサーチ主導型,リスク許容度が高く、長期投資に傾倒し、分散投資型でファンダメンタル分析を中心とする投資家へのアドバイスです。高いリスク許容度を持つあなたは、より大きなリターンを目指すことができますが、市場の変動にも注意が必要です。長期投資では、企業の基本的な価値や業界の成長潜在力を重視するファンダメンタル分析が重要です。また、分散投資を通じて、異なる資産クラスや地域に投資することで、リスクを適切に管理しましょう。長期的な視点で投資を行う場合、市場の短期的な変動に一喜一憂せず、定期的なポートフォリオの見直しと調整に注力することが重要です。投資先の選定に際しては、持続可能な成長が見込まれるセクターや企業に注目し、市場全体の動向にも目を光らせることが望ましいです。このように、バランスの取れた投資アプローチと継続的な市場分析を通じて、リスクを管理しつつ、長期的な資産成長を目指してください。
高,短,集中投資型,リサーチ主導型,リスク許容度が高く、短期的な集中投資にファンダメンタル分析を重視する投資家へのアドバイスです。短期投資では市場の変動に迅速に対応する必要があり、集中投資型であるため、特定の投資先に大きな影響を受けるリスクがあります。このため、投資先の慎重な選択と、市場の変動に対する敏感な対応が重要です。ファンダメンタル分析は、企業の基本的価値を評価するのに有効ですが、短期投資では技術分析などの他の手法も併用することを検討してください。また、集中投資は高リターンを期待できる反面、高リスクも伴いますので、ポートフォリオの多様化を図ることでリスクを分散させることも考慮に入れると良いでしょう。市場のトレンドや経済情勢の変化に注意し、柔軟な投資戦略を取ることが、成功への鍵となります。
高,短,分散投資型,リサーチ主導型,リスク許容度が高く、短期的な分散投資にファンダメンタル分析を重視する投資家へのアドバイスです。短期投資では市場の急激な変動に迅速に対応する必要があります。高いリスク許容度を活かして大きなリターンを狙う一方で、分散投資を通じてリスクを管理することが重要です。異なる資産クラスや市場に投資することで、一部の市場の下落が全体のパフォーマンスに与える影響を軽減できます。ファンダメンタル分析は企業の健全性や将来の成長潜在力を評価する際に有効ですが、短期投資では市場のセンチメントや技術分析も考慮に入れると良いでしょう。また、市場の変動に敏感でありながら、冷静な判断を保つことが成功の鍵です。投資先の定期的な見直しと、市場の動向に応じた柔軟な戦略調整を心掛けましょう。バランスの取れた投資アプローチで、リスクを管理しつつ効果的な投資成果を目指してください。
中,長,集中投資型,リサーチ主導型,リスク許容度が中程度で長期的な集中投資を行い、ファンダメンタル分析に重点を置く投資家へのアドバイスです。集中投資はポートフォリオのリスクを高める可能性があるため、投資先の慎重な選択が重要です。長期投資では、市場の短期的な変動に左右されず、企業の基本的な健全性や成長潜在力に注目することが肝心です。ファンダメンタル分析はこの点で非常に有効ですが、市場のトレンドやマクロ経済の動きにも目を向けることをお勧めします。また、リスク許容度が中程度のため、集中投資に伴うリスクを適切に管理し、時にはポートフォリオの多様化を図ることも検討しましょう。定期的に投資先のパフォーマンスを評価し、必要に応じて投資戦略を調整することが、長期的な成功に繋がります。バランスの取れたアプローチで、リスクを管理しながら安定した成長を目指してください。
中,長,分散投資型,リサーチ主導型,リスク許容度が中程度で、長期的な分散投資を行い、ファンダメンタル分析を重視する投資家へのアドバイスです。長期投資では、企業の基本的な価値や業界の成長潜在力をじっくりと評価することが重要です。ファンダメンタル分析は、このような長期的な視点での投資判断に非常に有効です。分散投資を採用することで、リスクを軽減し、市場の変動に対するポートフォリオの安定性を高めることができます。リスク許容度が中程度のため、過度なリスクを避けつつ、安定した成長を目指すバランスの取れた投資戦略が望ましいです。異なる資産クラスや業界に分散して投資し、市場の一時的な変動に一喜一憂せず、長期的な視野を持って投資を続けることが重要です。また、定期的にポートフォリオを見直し、必要に応じて投資戦略を調整することで、変化する市場環境に柔軟に対応しましょう。
中,短,集中投資型,リサーチ主導型,リスク許容度が中程度で短期投資を好み、集中投資型でファンダメンタル分析を重視する投資家へのアドバイスです。短期投資では市場の動きに迅速に対応することが重要ですが、集中投資のリスクも考慮に入れる必要があります。ファンダメンタル分析は企業の健全性を評価するのに役立ちますが、短期的な市場の波にも敏感であるべきです。そのため、技術分析のような他の手法も併用することをお勧めします。また、リスク許容度が中程度であるため、投資の多様化を図ることでリスクを軽減させることも重要です。市場のトレンドや経済状況の変化に注意を払い、定期的にポートフォリオを見直し、柔軟な投資戦略を取ることが求められます。損失リスクを意識しつつ、計画的かつバランスの取れたアプローチで投資を行うことで、安定した投資成果を目指しましょう。
中,短,分散投資型,リサーチ主導型,リスク許容度が中程度で、短期投資を好み、分散投資型でファンダメンタル分析を中心に据える投資家へのアドバイスです。短期投資は市場の急変動に対応する迅速な判断が求められますが、中程度のリスク許容度を考慮すると、過度なリスクを避けるためにも分散投資戦略が重要です。異なる資産クラスやセクターへの投資を通じてリスクを分散し、一部の市場の不調が全体のパフォーマンスに影響を及ぼすのを防ぎましょう。ファンダメンタル分析は、企業の基本的価値や健全性を評価するのに有効ですが、短期投資の場合、市場のセンチメントや技術的な指標にも目を向けることが推奨されます。定期的に投資先を見直し、市場の動向に合わせて柔軟に投資戦略を調整することが大切です。冷静かつ計画的に行動し、リスクを適切に管理しながら、短期的な機会を最大限に活用しましょう。
低,長,集中投資型,リサーチ主導型,リスク許容度が低いが長期的な集中投資を好み、ファンダメンタル分析を中心とする投資家へのアドバイスです。低リスク志向であるため、安定した実績のある企業や産業への投資をお勧めします。ファンダメンタル分析は、企業の財務健全性や将来の成長潜在力を評価する上で非常に有効ですが、長期投資においては、市場環境や経済トレンドの変化にも注意を払う必要があります。集中投資は高いリターンを得る可能性がありますが、特定の資産や市場に依存しすぎるとリスクが増大します。このため、ポートフォリオに多少の多様性を持たせることを検討してください。さらに、長期的な視点を持ちつつも、市場の変動に応じて定期的に投資戦略を見直すことが大切です。慎重かつ計画的なアプローチで、安定した成長を目指しましょう。
低,長,分散投資型,リサーチ主導型,リスク許容度が低いが、長期的な分散投資を行い、ファンダメンタル分析に重点を置く投資家へのアドバイスです。低リスク志向のため、安定した成長が見込める資産への投資を心掛けることが重要です。例えば、大手企業の株式、高配当株などの安定した収益を提供する投資先が適しています。長期投資では、企業の基本的な財務健全性や成長潜在力に注目することが重要で、ファンダメンタル分析はこれらを評価する上で非常に有効です。分散投資戦略を採用することで、リスクを軽減し、市場の変動に対するポートフォリオの安定性を高めることができます。また、長期的な視点を持ちつつも、定期的にポートフォリオを見直し、市場環境や経済状況の変化に応じて投資戦略を調整することが肝心です。バランスの取れたアプローチで、リスクを管理しつつ、安定した資産成長を目指しましょう
低,短,集中投資型,リサーチ主導型,リスク許容度が低いにも関わらず短期的な集中投資を行い、ファンダメンタル分析に重点を置く投資家へのアドバイスです。短期投資は市場の変動に敏感であり、集中投資は特定の投資先へのリスクを高めます。したがって、低リスクの資産に焦点を当て、ポートフォリオを多様化することが重要です。ファンダメンタル分析は企業の健全性や将来性を評価するのに有効ですが、短期投資では市場の動向や技術分析も考慮することが望ましいです。また、リスク許容度が低いため、投資先の選択には特に慎重を期す必要があります。市場のトレンドや経済情勢の変化に敏感でありながら、感情に左右されずに客観的な判断を行うことが重要です。投資戦略を定期的に見直し、市場の変化に応じて柔軟に対応することで、リスクを適切に管理し、安定した成果を目指しましょう。
低,短,分散投資型,リサーチ主導型,リスク許容度が低いながらも短期投資を好み、分散投資型でファンダメンタル分析に重点を置く投資家へのアドバイスです。低いリスク許容度を考慮すると、短期投資では市場の急激な変動に対するリスクを特に意識する必要があります。分散投資戦略を用いて、異なる資産クラスや市場に投資することで、リスクを軽減させましょう。ファンダメンタル分析は企業の基本的な健全性や長期的な成長潜在力を評価する際に有用ですが、短期投資では市場のセンチメントや技術分析も重要になります。短期投資では素早い意思決定が求められるため、定期的な市場分析と投資先の迅速な見直しを心掛けてください。また、市場の動向や経済指標にも敏感であることが重要です。バランスの取れた投資アプローチとリスク管理を通じて、安定した投資成果を目指しましょう。
高,長,集中投資型,感情型,リスク許容度が高い長期投資志向のあなたへ。集中投資は高収益をもたらす可能性がありますが、一方でリスクも伴います。感情に基づく投資は避け、冷静な分析と多角的な情報収集を心掛けましょう。分散投資を取り入れることでリスクを低減し、安定した長期成長を目指してください。投資先は定期的に見直し、市場動向に合わせた適切な調整を行うことが重要です。
高,長,分散投資型,感情型,リスク許容度が高く、長期の分散投資を行うあなたへのアドバイスです。まず、感情的な銘柄選定はリスクを高める要因になり得るため、客観的なデータと分析に基づいて判断することが重要です。長期投資では、市場の短期的な変動に一喜一憂せず、持続可能な成長が見込める銘柄やセクターに注目しましょう。また、高いリスク許容度を活かして、革新的な業界や未来の成長が期待される新興市場への投資も検討する価値があります。ただし、リスク管理は欠かせませんので、ポートフォリオを定期的に見直し、市場の変化に応じた調整を行うことが大切です。経済状況や技術革新の影響を考慮しながら、多様な資産クラスに分散投資することで、リスクを適切に管理し、長期的な資産成長を目指しましょう。
高,短,集中投資型,感情型,リスク許容度が高く、短期投資を好むあなたに、重要なアドバイスです。集中投資は大きなリターンをもたらす可能性がありますが、それに伴うリスクも高まります。感情に基づく投資はしばしばリスクを増大させるため、客観的なデータと冷静な分析に基づいて投資判断を行うことを心掛けましょう。短期投資では市場の変動に敏感でなければならず、迅速かつ慎重な決断が必要です。市場動向を常に注視し、柔軟に対応することで、リスクを管理しながら効果的な投資結果を目指しましょう。
高,短,分散投資型,感情型,リスク許容度が高く短期投資を好むあなたに、感情ではなくデータに基づいた投資判断をお勧めします。短期投資では市場の急な変動に対応するため、迅速かつ客観的な分析が不可欠です。感情的な決定は避け、市場の動向や財務データをしっかりと分析しましょう。分散投資型のアプローチは良い選択ですが、短期投資では特に市場のニュースやトレンドに敏感であることが求められます。さらに、リスク管理として、投資先の定期的な見直しとバランス調整を行うことが重要です。市場の変化に柔軟に対応し、投資ポートフォリオを効果的に管理することで、リスクを抑えつつ、短期間での成果を最大化することが可能です。
中,長,集中投資型,感情型,リスク許容度が中程度で、長期投資を好むあなたへのアドバイスです。集中投資は高いリターンをもたらす可能性がありますが、リスクも同様に高くなります。感情に基づく投資は避け、客観的な分析と情報収集に基づいて投資判断を行うことが大切です。長期投資では、市場の変動に対して耐性を持ちつつ、定期的なポートフォリオの見直しを行うことが重要です。これにより、リスクとリターンのバランスを保ちつつ、投資目標に向けて進むことができます。また、感情ではなく、長期的な視点で銘柄選定を行うことが、安定した投資成果に繋がります。
中,長,分散投資型,感情型,リスク許容度が中程度で長期投資を好むあなたに、感情ではなく客観的な分析に基づく投資を心掛けることをお勧めします。長期投資においては、市場の短期的な波に左右されず、安定した成長が見込める分野への投資が重要です。分散投資はリスクを減らす効果的な手法ですが、感情に流されることなく、各資産のパフォーマンスと将来性を冷静に評価することが必要です。定期的なポートフォリオの見直しと、経済状況や市場の動向に基づいた調整を行い、投資先のバランスを保ちましょう。また、新たなトレンドや業界の発展に注目し、長期的な視野で選択することが、安定した資産成長に繋がります。感情ではなく、事実とデータに基づいた慎重な判断で、リスクを適切に管理しながら投資することが成功への鍵です。
中,短,集中投資型,感情型,リスク許容度が中程度で短期投資を好むあなたには、集中投資のリスクを理解し、感情ではなくデータに基づいた判断が重要です。短期投資では市場の変動に敏感である必要がありますが、感情的な決定は避け、客観的な分析と迅速な意思決定が求められます。銘柄選定には、業界のトレンド、財務状況、市場のセンチメントなどを総合的に考慮しましょう。また、投資先の多様化を考慮することで、リスクを分散し、安定した成果を目指すことが可能です。定期的なポートフォリオの見直しと、市場動向に対する柔軟な対応を心掛けることで、中リスクの範囲内で効果的な投資を行えます。
中,短,分散投資型,感情型,リスク許容度が中程度で短期投資を好むあなたには、感情ではなくデータに基づいた投資判断をすることが重要です。短期投資では市場の急な変動に素早く対応する必要がありますが、感情的な決定はリスクを高めることがあります。したがって、市場の動向や財務データなどを冷静に分析することが求められます。分散投資型のアプローチは良い選択ですが、特に短期投資では市場のトレンドやニュースに敏感であることが重要です。投資先の定期的な見直しとバランス調整を行い、ポートフォリオを効果的に管理することで、リスクを抑えつつ短期的な成果を目指しましょう。市場の変化に柔軟に対応し、客観的なデータに基づく投資戦略を採用することが、安定した投資成果への鍵です。
低,長,集中投資型,感情型,リスク許容度が低く、長期投資を志向するあなたへ、集中投資と感情的な銘柄選定の見直しをお勧めします。低リスク志向では、分散投資がリスクを軽減し、安定したリターンをもたらす可能性が高まります。長期投資では市場の波動に左右されず、冷静かつ客観的な分析に基づく銘柄選定が重要です。感情ではなく、財務健全性や業界の成長性を考慮した投資判断を行うことで、安定した資産成長を目指しましょう。また、投資先は定期的に見直し、市場の変動に適応する柔軟性を持つことも重要です。安定した投資を求めるなら、低ボラティリティの資産や、長期での成長が見込めるセクターへの投資を検討するのが良いでしょう。
低,長,分散投資型,感情型,リスク許容度が低く、長期的な分散投資を行うあなたには、感情よりもデータと分析に基づく投資判断をすることをお勧めします。長期投資では市場の短期的な変動に惑わされず、安定して成長する銘柄の選定が重要です。分散投資はリスクを軽減する効果的な手段ですが、感情による決定ではなく、各投資のパフォーマンスと将来性を慎重に評価することが求められます。定期的なポートフォリオの見直しを行い、経済状況や市場動向に基づいて調整することで、投資先のバランスを維持しましょう。また、新しいトレンドや成長産業に注意を向けることも大切ですが、長期的視点を持ち、事実とデータに基づいた判断を心掛けてください。感情に流されず、客観的かつ慎重なアプローチでリスクを適切に管理し、資産成長を目指しましょう。
低,短,集中投資型,感情型,リスク許容度が低いながらも短期投資を好むあなたへのアドバイスです。まず、集中投資のリスクを認識し、分散投資への移行を検討してください。低リスク志向では、ポートフォリオを広げることで突発的な市場の変動に対するリスクを減少させることができます。また、感情に基づく投資は避け、市場の動向や基本的な財務データに基づく客観的な分析を行うことが重要です。短期投資では、迅速な決断が必要ですが、その前にしっかりとしたリサーチと慎重な計画が必要です。市場のニュースや動向を日々チェックし、情報に基づいた適応性のある投資戦略を立てましょう。最終的には、自身のリスク許容度に合ったバランスの取れた投資アプローチを採用することが、安定した資産成長への鍵となります。
低,短,分散投資型,感情型,リスク許容度が低いにも関わらず短期投資を好むあなたには、感情ではなくデータと客観的な分析に基づく投資判断をすることが重要です。短期投資では市場の急激な変動に迅速に対応する必要がありますが、感情による判断はリスクを高める可能性があるため注意が必要です。分散投資はリスクを軽減する効果がありますが、各投資の選択は市場の動向や財務データに基づいて行うべきです。定期的なポートフォリオの見直しを行い、市場の変化に適応したバランスのとれた投資戦略を維持することが大切です。市場のニュースやトレンドに敏感になり、客観的な視点から効果的な投資判断を行うことで、低リスクの範囲内での資産成長を目指しましょう。